mean_ret_d,vol_d,sharpe_d,max_drawdown,days
0.00040287288155174005,0.012151055340269869,0.03315538200345259,-0.567753877427728,5167
