mean_ret_d,vol_d,sharpe_d,max_drawdown,days
0.00036918875142703914,0.012477295144450598,0.029588844950200567,-0.567753877427728,4012
