mean_ret_d,vol_d,sharpe_d,max_drawdown,days
0.0005152159107482739,0.010847438642318493,0.0474965498987283,-0.3392496000265328,3751
