mean_ret_d,vol_d,sharpe_d,max_drawdown,days
0.0004698919366193216,0.009271882441026428,0.05067923796575909,-0.19388242072358441,2012
