mean_ret_d,vol_d,sharpe_d,max_drawdown,days
-0.00016562610235111808,0.030377538922659365,-0.00545225545666484,-0.3392496000265328,113
