mean_ret_d,vol_d,sharpe_d,max_drawdown,days
0.0003957143956781538,0.009445797024578758,0.04189317160303907,-0.19778210435681953,2263
