mean_ret_d,vol_d,sharpe_d,max_drawdown,days
0.00024232870839744494,0.013994831328538954,0.01731558621240945,-0.5537282997378807,2052
